v1,v2
spam,"Chúc mừng bạn đã trúng thưởng iPhone 14 Pro Max. Vui lòng click vào link để nhận quà."
spam,"Vay tiền nhanh chóng, không cần thế chấp, lãi suất 0% cho lần vay đầu tiên. Liên hệ ngay."
spam,"Bạn có một bưu phẩm chưa nhận. Vui lòng thanh toán phí vận chuyển để nhận hàng."
spam,"Cơ hội làm việc tại nhà, thu nhập 10-20 triệu/tháng. Chỉ cần có điện thoại. Inbox để biết thêm chi tiết."
spam,"Khai trương sòng bài online, tặng ngay 100k vào tài khoản. Đăng ký ngay!"
spam,"Sale khủng 9/9, giảm giá lên đến 50% toàn bộ sản phẩm. Nhanh tay kẻo lỡ!"
spam,"Tài khoản ngân hàng của bạn sắp bị khóa. Vui lòng đăng nhập vào link sau để xác minh."
spam,"Bạn đã được chọn để nhận phần quà trị giá 5 triệu đồng. Truy cập website để nhận quà."
spam,"Tuyển nhân viên đánh máy tại nhà, lương ngày 500k. Liên hệ zalo 0123456789."
spam,"Nhận ngay thẻ cào 50k khi tải ứng dụng mới của chúng tôi. Link tải: ..."
spam,"Làm giàu không khó, chỉ cần đầu tư 1 triệu thu về 10 triệu sau 1 đêm."
spam,"Bạn đã vi phạm giao thông, vui lòng nộp phạt qua tài khoản sau."
spam,"Khuyến mãi lớn nạp thẻ điện thoại nhân đôi tài khoản."
spam,"Quay số trúng thưởng ngay để nhận xe SH."
spam,"Cảnh báo bảo mật: Tài khoản Zalo của bạn đang bị đăng nhập trái phép. Bấm vào link để bảo vệ."
spam,"Ưu đãi sốc: Gói cước data 4G không giới hạn chỉ 10k/tháng. Soạn tin DK gửi 1234."
spam,"Việc nhẹ lương cao, chỉ cần xem video TikTok kiếm 300k/ngày. Tham gia ngay."
spam,"Hỗ trợ mở thẻ tín dụng hạn mức 100 triệu, hồ sơ bao đậu, không gọi thẩm định."
spam,"Bạn đã đủ điều kiện rút 50 triệu tiền mặt, hoàn thành thủ tục tại link sau."
spam,"Khóa học đầu tư chứng khoán miễn phí, cam kết x3 tài khoản trong 1 tháng. Tham gia nhóm Zalo."
spam,"Xóa nợ xấu ngân hàng nhanh chóng, uy tín 100%, bảo mật thông tin. Gọi ngay hotline."
spam,"Cơ hội sở hữu đất nền giá cực rẻ, sổ đỏ trao tay, lợi nhuận 50%/năm. Gọi ngay để đặt chỗ."
spam,"Mật khẩu của bạn đã hết hạn, vui lòng cập nhật lại tại trang web của chúng tôi."
spam,"Thông báo trúng thưởng thẻ cào 500k. Nhấp vào đây để đổi thưởng."
spam,"Làm nhiệm vụ đánh giá sản phẩm Shopee nhận hoa hồng lên đến 20% mỗi đơn."
spam,"Hệ thống bảo mật phát hiện account của bạn bị đăng nhập trái phép. Vui lòng Verify tại: security-vcb.info"
spam,"HOT JOB: Tuyển CTV xem Video TikT0k kiếm tiền. Mỗi video 10k VND. Contact Telegram: @job_online_vn"
spam,"[T.B] Quý khách nhận được V.o.u.c.h.e.r giảm 500k cho đơn hàng N.ạ.p t.h.ẻ điện thoại. Link: napthe24h.io"
spam,"Cơ hội X10 T.à.i k.h.o.ả.n từ đ.ầ.u t.ư C.r.y.p.t.o. Bám sát signal của Chuyên gia tại: t.me/bit_coin_pro"
spam,"Dịch vụ H.a.c.k follow, like, comment F.B/I.G giá rẻ. Up rank account cực nhanh. LH: 07x.xxx.xxx"
spam,"B.ạ.n đ.ã t.r.ú.n.g g.i.ả.i khuyến khích trị giá 5.000.000đ từ sự kiện Tri ân. Nhận quà: event-momo.cc"
spam,"Need M.o.n.e.y? Vay không thế chấp, duyệt hồ sơ auto. Hạn mức 50tr. Inbox ngay để được Support."
spam,"[G.A.R.E.N.A] Tặng G.i.f.t.c.o.d.e skin súng huyền thoại Free. Chỉ dành cho Gamers may mắn tại: garena-gift.vn"
spam,"Xả kho l.o.w-c.o.s.t các mẫu Sneaker hot nhất 2026. Sale 70% O.F.F. Freeship toàn quốc. Web: giay-rep.net"
spam,"Cảnh báo! Apple_ID của bạn bị l.o.c.k. Vui lòng Sign-in để Unlock: http://id-apple-secure.com"
spam,"Dịch vụ t.h.á.m t.ử u.y t.í.n. T.r.a c.ứ.u tin nhắn, định vị số điện thoại 100% chuẩn. Zalo: 03x.xxx.xxx"
spam,"S.ố đ.i.ệ.n t.h.o.ạ.i của bạn may mắn trúng thưởng SH 150i. Gọi 1900xxxx để gặp bộ phận P.R.o.m.o.t.i.o.n."
spam,"Tuyển G.i.r.l làm việc tại Karaoke/Spa lương cao, bao ăn ở. Income cực khủng mỗi tháng. LH: 094x.xxx.xxx"
spam,"[B.H.X.H] Thông báo nhận t.i.ề.n h.ỗ t.r.ợ từ quỹ B.ả.o h.i.ể.m x.ã h.ộ.i. Link đăng ký: bhxh-gov.xyz"
spam,"Trade C.o.i.n không khó! Nhận ngay b.ộ t.à.i l.i.ệ.u hướng dẫn từ Pro-trader. Free 100%. Link: trade-vn.org"
spam,"Chuyên c.u.n.g c.ấ.p s.i.m r.á.c để tạo account, b.ú.t đơn Shopee. Giá chỉ 5k/sim. LH: 05x.xxx.xxx"
spam,"[Z.A.L.O] Thông báo account của bạn bị Report. Vui lòng X.á.c t.h.ự.c thông tin cá nhân: http://zalo-check.me"
spam,"M.u.a b.ằ.n.g lái xe A1, A2, B2... không cần thi, p.h.ô.i t.h.ậ.t của Bộ GTVT. Uy tín, k.í.n đ.á.o."
spam,"H.ỗ t.r.ợ n.ợ x.ấ.u n.g.â.n h.à.n.g, giải ngân s.i.ê.u t.ố.c trong 5 phút. Nhận money qua ATM. Link: vay-nhanh.com"
spam,"Sale s.ố.c: Đồng hồ R.o.l.e.x chính hãng xách tay giá chỉ 2tr999k. Limited Edition. Order now: rolex-sale.vn"
spam,"[T.E.L.E.G.R.A.M] Bạn đã được thêm vào nhóm 'K.i.ế.m t.i.ề.n t.ạ.i n.h.à'. Click để join group."
spam,"H.ỗ t.r.ợ x.ó.a n.ợ c.ư.ớ.c trả sau nhà mạng, l.à.m s.i.m chính chủ không cần ra Store. LH: 08x.xxx.xxx"
spam,"Bạn có 1 P.a.r.c.e.l bị thất lạc tại kho trung chuyển. Thanh toán fee vận chuyển để nhận. Link: vn-post-tracking.info"
spam,"Tuyển CTV d.ị.c.h t.h.u.ậ.t Anh-Việt online. Pay m.o.n.e.y theo page. Job ổn định lâu dài. Inbox."
spam,"[N.E.T.F.L.I.X] Acc của bạn đã H.ế.t h.ạ.n. Update p.a.y.m.e.n.t m.e.t.h.o.d để tiếp tục xem: http://netflix-update.site"
spam,"M.ở b.á.n đất nền d.ự á.n S.t.a.r L.a.k.e. Lợi nhuận c.a.m k.ế.t 30%/năm. Gọi Hotline: 091x.xxx.xxx"
spam,"Dịch vụ l.ấ.y l.ạ.i m.ậ.t k.h.ẩ.u F.B, Z.a.l.o bị h.a.c.k. Phí rẻ, nhận l.à.m ngay. LH: 097x.xxx.xxx"
spam,"[U.B.E.R] Nhận ngay code D.i.s.c.o.u.n.t 50k cho chuyến đi tiếp theo của bạn. Sử dụng tại: uber-promo.vn"
spam,"C.ơ h.ộ.i s.ở h.ữ.u s.i.m s.ố đ.ẹ.p T.ứ q.u.ý 8888, 9999 giá rẻ bèo. Click để xem kho sim: khosim-vip.com"
spam,"[C.ả.n.h b.á.o] Virus đang xâm nhập SmartPhone của bạn. Install Anti-Virus ngay: http://clean-phone.xyz"
spam,"Dịch vụ s.o.i c.ầ.u b.ó.i t.o.á.n, chốt số l.ô đ.ề s.i.ê.u c.h.u.ẩ.n mỗi ngày. Inbox Zalo nhận s.ố đ.ẹ.p."
spam,"G.i.ả.m g.i.á 90% khi mua Combo 3 nước hoa C.h.a.n.e.l. Duy nhất trong T.o.d.a.y. Link: chanel-perfume.net"
spam,"[I.C.L.O.U.D] Storage của bạn đã full. Upgrade m.i.ễ.n p.h.í tại: http://apple-storage-free.com"
spam,"Tuyển n.h.â.n v.i.ê.n r.ả.i t.ờ r.ơ.i, lương trả theo ngày. Không cần bằng cấp. LH: 032x.xxx.xxx"
spam,"[B.E.T.3.6.5] Thưởng nạp đầu up to 10tr VND. Rút m.o.n.e.y s.i.ê.u t.ố.c 24/7. Link: vn-bet365.me"
spam,"Cung cấp p.h.ầ.n m.ề.m q.u.ả.n l.ý t.i.n n.h.ắ.n, đ.ọ.c t.r.ộ.m Zalo/FB người khác. Uy tín bảo mật."
spam,"[S.H.O.P.E.E] Chúc mừng bạn trúng V.o.u.c.h.e.r 1.000k mua sắm Free. Click để claim: shopee-gift.vn"
spam,"H.ỗ t.r.ợ g.i.ả.i n.g.â.n vốn kinh doanh cho hộ nghèo, lãi suất thấp nhất M.a.r.k.e.t. LH: 096x.xxx.xxx"
spam,"M.u.a I.P.h.o.n.e trả góp không cần trả trước, d.u.y.ệ.t h.ồ s.ơ n.ợ x.ấ.u. Xem tại: mobile-store.com"
spam,"[M.O.M.O] Quà tặng tri ân h.è 2026 dành cho bạn. Mở hộp quà tại: http://momo-summer-gift.com"
spam,"Tuyển CTV viết bài R.e.v.i.e.w sản phẩm, t.h.u n.h.ậ.p 200k/bài. Job m.ỗ.i n.g.à.y. Inbox."
spam,"Dịch vụ H.ú.t h.ầ.m c.ầ.u, t.h.ô.ng t.ắ.c c.ố.ng giá rẻ nhất khu vực. Gọi ngay: 098x.xxx.xxx"
spam,"[T.I.K.I] Account của bạn nhận được 1 lượt Q.u.a.y s.ố m.a.y m.ắ.n trúng xe máy. Link: tiki-lucky.cc"
spam,"Trade F.o.r.e.x cùng chuyên gia, c.a.m k.ế.t l.ã.i 20%/tháng. Join ngay group Zalo để nhận Signal."
spam,"C.u.n.g c.ấ.p c.á.c l.o.ạ.i c.h.ứ.n.g c.h.ỉ T.o.e.i.c, I.e.l.t.s p.h.ô.i t.h.ậ.t, b.a.o h.ậ.u k.i.ể.m."
spam,"[L.A.Z.A.D.A] Khuyến mãi 12/12: S.a.l.e h.ủ.y d.i.ệ.t 99%. Mua ngay tại: http://lazada-mega-sale.vn"
spam,"Nhận l.à.m d.ị.c.h v.u t.ă.n.g t.ư.ơ.n.g t.á.c, x.e.y b.r.a.n.d cá nhân trên M.e.d.i.a. LH: 094x.xxx.xxx"
spam,"[B.I.N.A.N.C.E] Bạn có 1 khoản t.i.ề.n Bonus chưa nhận. Login để claim m.o.n.e.y: http://binance-bonus.net"
spam,"Tuyển D.r.i.v.e.r ship hàng nội thành, lương 10tr + Bonus. Có xe máy là l.à.m ngay. LH: 035x.xxx.xxx"
spam,"H.ỗ t.r.ợ l.à.m l.ý l.ị.c.h t.ư p.h.á.p, h.ộ c.h.i.ế.u nhanh. Không cần xếp hàng. LH: 091x.xxx.xxx"
spam,"[W.I.N.7.9] Cổng game nổ hũ cực lớn, t.ặ.n.g C.o.d.e 79k khi r.e.g.i.s.t.e.r. Link: win79-vn.vip"
spam,"Cung cấp máy đ.á.n.h b.à.i mã vạch, kính á.p t.r.ò.n nhìn xuyên bài. LH đại lý: 09x.xxx.xxx"
spam,"[A.I.R.B.N.B] Nhận ngay m.ã g.i.ả.m g.i.á $20 cho lần Đ.ặ.t p.h.ò.n.g đầu tiên. Link: airbnb-vn.site"
spam,"Dịch vụ s.ử.a c.h.ữ.a đ.i.ệ.n t.ử t.ạ.i n.h.à, nhanh chóng chuyên nghiệp. Gọi ngay: 093x.xxx.xxx"
spam,"[F.A.C.E.B.O.O.K] Xác minh danh tính account của bạn để tránh bị b.a.n. Link: http://fb-verify-acc.com"
spam,"Tuyển CTV l.ồ.n.g t.i.ế.ng phim, income hấp dẫn. Không yêu cầu kinh nghiệm. Inbox nhận s.c.r.i.p.t."
spam,"[G.O.V] Thông báo bạn vi phạm quy định trật tự đô thị. Nộp phạt online tại: http://phatnguoi-online.org"
spam,"Mua bán t.i.ề.n g.i.ả giống thật 99%, không phát hiện khi qua máy soi. Giao hàng toàn quốc."
spam,"[S.A.M.S.U.N.G] Chúc mừng bạn là người may mắn nhận được G.a.l.a.x.y S24 Ultra. Link: samsung-gift.cc"
spam,"H.ỗ t.r.ợ đ.ă.n.g k.ý s.á.n s.ố đ.ỏ, t.r.a c.ứ.u q.u.y h.o.ạ.c.h đất đai nhanh nhất. LH: 092x.xxx.xxx"
spam,"[V.N.P.A.Y] Tặng gói combo V.o.u.c.h.e.r thanh toán hóa đơn trị giá 1tr. Nhận ngay: vnpay-reward.vn"
spam,"Tuyển n.h.â.n v.i.ê.n t.r.ự.c p.a.g.e, rep inbox khách hàng. Lương 8tr. Làm việc tại Q1."
spam,"[K.U.B.E.T] Sân chơi đ.ẳ.n.g c.ấ.p, hoàn trả cực cao, nạp rút 1:1. Link chính thức: kubet-vn.net"
spam,"Dịch vụ đ.ò.i n.ợ t.h.uê, cam kết lấy lại tiền nhanh chóng, đúng pháp luật. LH: 09x.xxx.xxx"
spam,"[G.R.A.B] Ưu đãi đặt món 0 đồng dành riêng cho bạn vào bữa trưa. Mở app ngay: http://grab-food.cc"
spam,"Tuyển n.g.ư.ờ.i m.ẫ.u ảnh, mẫu l.i.v.e.s.t.r.e.a.m thời trang. Income 20-50tr/tháng. LH: 098x.xxx.xxx"
spam,"[A.P.P.L.E] Your s.u.b.s.c.r.i.p.t.i.o.n has been p.u.r.c.h.a.s.e.d. Nếu không phải bạn, click: http://apple-cancel.com"
spam,"Dịch vụ t.h.i t.h.uê chứng chỉ tiếng Anh, đầu ra đảm bảo 100%. Inbox kín để trao đổi."
spam,"[V.I.E.T.J.E.T] Săn vé máy bay 0 đồng trong khung giờ vàng. Đặt ngay tại: http://vietjet-sale.vn"
spam,"H.ỗ t.r.ợ m.ở k.h.ó.a t.i.n d.ụ.n.g, đáo hạn thẻ ngân hàng phí thấp. LH: 07x.xxx.xxx"
spam,"[Z.A.L.O.P.A.Y] Nhận ngay 200k khi liên kết ngân hàng thành công. Link: zalopay-uudai.me"
spam,"Tuyển cộng tác viên đ.á.n.h m.á.y t.ạ.i n.h.à, lương tính theo số trang. LH: 036x.xxx.xxx"
spam,"!!! CHUC MUNG !!! Bạn đã trúng 01 giải NHẤT: Xe máy SH 150i. Truy cập ngay h.t.t.p://traothuong-sh2026.com để làm thủ tục nhận quà."
spam,"Vay tiền mặt trả góp 0% lãi suất. Hạn mức lên đến 50.000.000đ. Thủ tục chỉ cần CCCD. LH Zalo: 09xx.333.xxx (Huy)"
spam,"[CẢNH BÁO] Tài khoản VCB của quý khách bị tạm khóa vì lý do bảo mật. Vui lòng xác thực tại: https://vcb-digibank-secure.cc ngay!"
spam,"(QC) Nhà cái uy tín số 1 Châu Á. Đăng ký nhận ngay 88k trải nghiệm. Nạp 1 được 2. Link: bit.ly/bet-vn88"
spam,"Tuyển CTV xử lý đơn hàng Shopee/Lazada. Thu nhập 300k-700k/ngày. Không cọc, không phí. Inbox Zalo 0812.xxx.xxx"
spam,"Bạn có 1 bưu phẩm bị kẹt tại hải quan. Vui lòng thanh toán phí lưu kho 250k để nhận hàng. LH: 1900.xxxx"
spam,"NHAN NGAY IPHONE 15 PRO MAX chi voi 10k tham gia quay so may man. Duy nhat hom nay tai: https://apple-vongquay.vn"
spam,"Dịch vụ cày thuê rank Liên Quân, chuyên nghiệp, uy tín, bảo mật. Giá chỉ từ 20k. Liên hệ Zalo: 033x.xxx.xxx"
spam,"Bí mật làm giàu từ tiền điện tử! Cam kết x5 tài khoản sau 1 tuần. Tham gia nhóm kín: t.me/kiemtienonline_vn"
spam,"Hỗ trợ xóa nợ xấu, nâng hạn mức thẻ tín dụng. Bao đậu 100%. Hotline: 0909.xxx.xxx (Minh)"
spam,"Tặng 1000 lượt sub, like miễn phí cho kênh TikTok mới. Chi tiết tại: https://automkt-vn.net"
spam,"Cơ hội sở hữu đất nền Long Thành giá chỉ 500tr/nền. Sổ hồng riêng. Gọi ngay 0912.xxx.xxx để xem đất."
spam,"[TB] Thuê bao 09x... nhận được gói quà tặng Data 4G tốc độ cao miễn phí. Soạn tin KM gửi 999 để nhận ngay."
spam,"Làm nhiệm vụ Youtube kiếm tiền: 1 video = 20.000đ. Thanh toán qua Momo. Add Zalo để nhận việc: 058x.xxx.xxx"
spam,"Duy nhat ngay hom nay! Giam gia 90% cac loai dong ho Rolex, Hublot (hang rep 1:1). Xem tai: dongho-gia-re.shop"
spam,"Tai khoan iCloud cua ban co nguy co bi xam nhap. Click vao day de bao mat: http://apple-id-verify.top"
spam,"Xả kho điện thoại iPhone giá rẻ như cho. Chỉ từ 2 triệu đồng/máy. Địa chỉ: 123 Đường X, Hà Nội."
spam,"Ban da duoc chon vao danh sach nhan ho tro tai chinh 20tr tu quy tu thien. Truy cap: http://quy-ho-tro.org"
spam,"Mua sim số đẹp, sim tứ quý, sim phát lộc giá gốc tại kho. Giao sim toàn quốc. Website: simdep-giare.vn"
spam,"(Cảnh báo) Hệ thống phát hiện bạn vi phạm luật GT. Vui lòng nộp phạt nguội tại link: http://phatnguoi-gt.gov.vn"
spam,"Kiếm 500k/ngày bằng cách đánh máy văn bản tại nhà. Không cần kinh nghiệm. Liên hệ Ms. Lan: 077x.xxx.xxx"
spam,"Nha cai AE888 - Thuong 100% lan nap dau tien - Rut tien trong 5 phut. Dang ky tai: ae888vn.vin"
spam,"Ưu đãi lớn: Mua 1 tặng 1 tất cả các sản phẩm nước hoa chính hãng. Chỉ áp dụng cho khách hàng nhận được tin nhắn này."
spam,"Chuyên cung cấp bằng cấp, chứng chỉ các loại (Đại học, Tiếng Anh, Tin học). Uy tín, phôi thật. Zalo: 094x.xxx.xxx"
spam,"Tặng ngay voucher 500k khi nạp thẻ điện thoại từ 100k trở lên qua cổng thanh toán: http://napthe-uudai.com"
spam,"Cập nhật thông tin sinh trắc học cho ngân hàng để không bị gián đoạn giao dịch. Link: http://ebank-verify.net"
spam,"[Shopee] Tài khoản của bạn đạt mức Kim Cương. Nhận ngay bộ quà tặng tri ân tại: http://shopee-member.club"
spam,"Cho vay bốc bát họ, thủ tục nhanh gọn, bí mật, có tiền sau 10p. LH ngay đại ca Long: 098x.xxx.xxx"
spam,"Học cách kiếm tiền từ AI mà không cần biết code. Cam kết thu nhập $1000/tháng. Đăng ký: http://aipro-vn.edu"
spam,"Phát hiện đăng nhập lạ vào ví MoMo của bạn tại TP.HCM. Nếu không phải bạn, hãy nhấn: http://momo-security.com"
spam,"Dịch vụ thám tử: Điều tra ngoại tình, xác minh danh tính, thu hồi nợ. Uy tín 100%. Hotline: 093x.xxx.xxx"
spam,"Đăng ký nhận ngay bộ tài liệu hướng dẫn Trade Coin từ A-Z miễn phí. Link tải: http://trade-coin.io/gift"
spam,"Xả hàng tồn kho: Giày Nike, Adidas chính hãng đồng giá 299k. Số lượng có hạn! Mua ngay: bit.ly/giay-sale"
spam,"Nhận quà 8/3 miễn phí dành cho các bạn nữ. Chỉ cần trả phí vận chuyển 30k. Đăng ký tại: http://quatang83.top"
spam,"Bạn có 1 tin nhắn thoại chưa nghe từ số 0912xxxxxx. Nhấn phím 1 để nghe lại (phí 5000đ/phút)."
spam,"Hỗ trợ mở khóa tài khoản Facebook bị checkpoint, hack, đổi pass. LH ngay: fb-support-vn.com"
spam,"Khai truong san bay online - Tang 50k cho thanh vien moi - Khong can nap tien van rut duoc. Link: bet68.club"
spam,"Sở hữu ngay làn da trắng sáng chỉ sau 1 liệu trình. Giảm giá 50% cho khách hàng mới. Inbox ngay!"
spam,"[Thông báo] Bạn nhận được phiếu mua hàng trị giá 2tr tại siêu thị Co.opmart. Xem tại: http://coop-voucher.site"
spam,"Mời bạn tham gia sàn đầu tư chứng khoán quốc tế. Nhận ngay $50 trải nghiệm. Zalo chuyên gia: 092x.xxx.xxx"
spam,"Thanh lý xe máy trốn thuế, giá chỉ bằng 1/3 thị trường. Wave 5tr, SH 20tr. Xem ảnh tại: bit.ly/xe-thanh-ly"
spam,"Cơ hội làm giàu: Đầu tư nuôi bò online, lợi nhuận 1%/ngày. Rút tiền hàng ngày qua thẻ ngân hàng."
spam,"Đăng ký mạng 5G Viettel siêu tốc chỉ 5k/ngày. Soạn tin 5G gửi 191 để nhận ưu đãi đặc biệt."
spam,"Ban co 1 khoan tien chua rut tu quy bao hiem xa hoi. Vui long hoan tat thu tuc tai: http://bhxh-online.gov.vn"
spam,"Tuyển nam/nữ làm việc văn phòng, lương 15tr + hoa hồng. Không yêu cầu bằng cấp. Gọi: 086x.xxx.xxx"
spam,"Khám phá bí mật trúng Vietlott mỗi ngày. Tỷ lệ chính xác 99%. Tham gia nhóm soi cầu: t.me/soicau-vietlott"
spam,"Tài khoản của bạn đã trúng thưởng 1 chiếc đồng hồ Apple Watch Ultra. Điền thông tin nhận quà: http://apple-giveaway.com"
spam,"Nhận thi công công trình, sửa chữa nhà cửa, sơn nước giá rẻ. Liên hệ chú Tư: 097x.xxx.xxx"
spam,"Dịch vụ hack pass Facebook, Zalo, đọc trộm tin nhắn. Cam kết không bị phát hiện. Website: hack-pro.vn"
spam,"Tặng 1 thẻ cào 200k cho thành viên tích cực nhất trong nhóm. Nhấn vào link để bình chọn: http://gift-lucky.net"
spam,"Cung cấp sỉ lẻ các loại mỹ phẩm xách tay từ Hàn Quốc, Nhật Bản. Giá tốt nhất thị trường. Zalo: 056x.xxx.xxx"
spam,"Gói cước gọi nội mạng thả ga chỉ 20k/tháng. Đăng ký ngay hôm nay để nhận thêm 2GB data."
spam,"Bạn là người may mắn thứ 99.999 truy cập trang web. Nhận ngay quà tặng bí mật tại: http://secret-gift.com"
spam,"Hỗ trợ làm CCCD gắn chip nhanh, không phải chờ đợi. Giao tận nơi. Liên hệ: 095x.xxx.xxx"
spam,"Mở bán căn hộ cao cấp ngay trung tâm quận 1, trả trước 30%, còn lại trả góp 20 năm lãi suất thấp."
spam,"Ban dang gap kho khan tai chinh? Hay de chung toi giup ban. Vay nhanh 5tr - 100tr. Duyet hồ sơ trong 5p."
spam,"Đăng ký thành viên VIP để nhận link phim mới nhất, không quảng cáo. Giá chỉ 20k/tháng."
spam,"Cảnh báo: Máy tính của bạn đang bị virus tấn công. Tải phần mềm diệt virus tại: http://clean-pc.xyz ngay!"
spam,"Nhận ngay 1 vé xem phim miễn phí tại CGV khi thanh toán qua ví điện tử của chúng tôi."
spam,"Chuyên sim rác, sim kích hoạt sẵn để chạy quảng cáo, tạo tài khoản. Giá rẻ. LH: 09x.xxx.xxx"
spam,"Kinh doanh không vốn với mô hình Dropshipping. Thu nhập thụ động cực cao. Xem hướng dẫn: bit.ly/dropship-vn"
spam,"Bạn có 1 đơn hàng đang chờ xác nhận từ TikTok Shop. Vui lòng kiểm tra: http://tiktok-verify.net"
spam,"Tặng bộ tài liệu 100 bài hát karaoke hot nhất 2024. Nhấn vào đây để tải về máy."
spam,"Dịch vụ chuyển nhà trọn gói, dọn văn phòng chuyên nghiệp, giá sinh viên. LH: 039x.xxx.xxx"
spam,"Hỗ trợ lấy lại tiền bị lừa đảo qua mạng, sàn chứng khoán, cá độ. LH VP Luật: 091x.xxx.xxx"
spam,"[Tin nhắn từ hệ thống] Bạn nhận được 1 yêu cầu kết bạn từ người quen. Xem là ai: http://find-friends.com"
spam,"Săn sale 0 đồng: Điện thoại, máy tính bảng, đồ gia dụng. Duy nhất khung giờ 12h-13h tại: http://flash-sale.vn"
spam,"Nhận dạy kèm 1 kèm 1 các môn Toán, Lý, Hóa từ lớp 6-12. Cam kết tiến bộ sau 1 tháng."
spam,"Cung cấp nguồn hàng sỉ quần áo Quảng Châu giá tận gốc. Hỗ trợ gửi hàng toàn quốc. Zalo: 088x.xxx.xxx"
spam,"Ban da trung thuong giai khuyen khich chuong trinh 'He ruc ro'. Qua tang la 1 bo am chen minh long."
spam,"Dịch vụ bằng lái xe máy, ô tô bao đậu, có hồ sơ gốc. Không cần đi thi. LH: 092x.xxx.xxx"
spam,"Nhận ngay 100k vào tài khoản khi giới thiệu bạn bè sử dụng ứng dụng của chúng tôi."
spam,"Tham gia khảo sát thị trường để nhận thẻ quà tặng trị giá 200k. Chỉ mất 2 phút thực hiện."
spam,"[Apple] Yêu cầu tìm iPhone của bạn đã được kích hoạt. Xem vị trí máy tại: http://icloud-find.com"
spam,"Hỗ trợ vay vốn sinh viên, lãi suất ưu đãi, không cần chứng minh thu nhập. LH: 070x.xxx.xxx"
spam,"Mua bán tiền ảo, USDT số lượng lớn, tỷ giá tốt, giao dịch an toàn tại Hà Nội/TPHCM."
spam,"Nhận ngay gói bảo hiểm sức khỏe miễn phí cho cả gia đình khi mua bảo hiểm nhân thọ hôm nay."
spam,"[Cảnh báo] Tài khoản ngân hàng của bạn đang được đăng nhập tại một trình duyệt lạ. Nhấn để khóa: http://bank-secure.top"
spam,"Cung cấp các loại đồ chơi công nghệ, thiết bị quay lén, định vị siêu nhỏ. LH: 096x.xxx.xxx"
spam,"Mua 1 đồng hồ thông minh tặng 1 tai nghe Bluetooth. Freeship toàn quốc. Đặt hàng ngay!"
spam,"Học tiếng Anh giao tiếp cấp tốc cho người đi làm. Cam kết nói trôi chảy sau 3 tháng."
spam,"Chương trình tri ân khách hàng: Tặng 1 nồi chiên không dầu cho hóa đơn trên 2 triệu."
spam,"[Garena] Chúc mừng bạn nhận được trang phục bậc SSS miễn phí. Nhận quà tại: http://su-kien-garena.vn"
spam,"Dịch vụ làm đẹp tại nhà: Cắt tóc, làm nail, nối mi. Giá cả cạnh tranh. LH chị Huệ: 098x.xxx.xxx"
spam,"Bạn có muốn biết ai đang bí mật vào xem trang cá nhân của mình không? Nhấn vào đây để xem kết quả."
spam,"Cung cấp tài khoản Netflix, Spotify, Youtube Premium giá cực rẻ. Bảo hành trọn đời."
spam,"[Thông báo] Bạn còn 1 khoản nợ tiền điện chưa thanh toán. Vui lòng đóng tiền tại link: http://dienluc-vn.com"
spam,"Hỗ trợ đăng ký grab, xanh sm, lalamove nhanh chóng. Tặng đồng phục miễn phí."
spam,"Nhận ngay 500 điểm thưởng vào thẻ thành viên khi mua sắm vào ngày thứ 4 hàng tuần."
spam,"[Zalo] Tài khoản của bạn bị báo cáo vi phạm tiêu chuẩn cộng đồng. Xác minh ngay: http://zalo-verify.me"
spam,"Cung cấp sỉ lẻ các loại đặc sản vùng miền, đảm bảo vệ sinh ATTP. LH: 09x.xxx.xxx"
spam,"Nhận vẽ chân dung, thiết kế logo, banner giá rẻ cho cá nhân và doanh nghiệp."
spam,"Tặng ngay 1 cặp vé máy bay khứ hồi đi Đà Lạt cho khách hàng may mắn nhất tháng."
spam,"[Telegram] Bạn được mời vào nhóm 'Kèo thơm mỗi ngày'. Nhấn để tham gia: t.me/keothom_vn"
spam,"Hỗ trợ làm visa, hộ chiếu nhanh, bao đậu các nước Mỹ, Úc, Canada. LH: 091x.xxx.xxx"
spam,"Nhận ngay 1 cuốn sách nói miễn phí khi đăng ký tài khoản trên ứng dụng của chúng tôi."
spam,"[Thông báo] Hệ thống sẽ nâng cấp vào đêm nay, vui lòng không giao dịch trong thời gian này."
spam,"Cung cấp dịch vụ quảng cáo Google Ads, Facebook Ads hiệu quả, cam kết ra đơn."
spam,"Mua trả góp iPhone 15 chỉ với 1 triệu đồng mỗi tháng. Thủ tục đơn giản, duyệt nhanh."
spam,"[Cảnh báo] Mật khẩu Facebook của bạn vừa bị thay đổi. Nếu không phải bạn, hãy nhấn: http://fb-recover.net"
ham,"Ê tí nữa đi làm về ghé qua tiệm tạp hóa mua hộ tớ túi bột giặt với nhé."
ham,"Alo bạn ơi, cái file báo cáo tớ gửi qua email cậu xem lại giúp tớ mấy chỗ bôi đỏ nhé."
ham,"Mẹ bảo tối nay nhà có khách, con sắp xếp công việc về sớm ăn cơm với cả nhà nha."
ham,"Cuối tuần này lớp mình đi dã ngoại ở vườn quốc gia Ba Vì, cậu có đăng ký tham gia không?"
ham,"Chúc mừng sinh nhật nha! Chúc cậu tuổi mới luôn xinh đẹp, vui vẻ và thành công trong công việc."
ham,"Dạ em chào anh, em gửi anh danh sách các hạng mục cần sửa chữa trong văn phòng ạ."
ham,"Mày ơi, tao vừa tìm được quán lẩu này ngon cực, hôm nào rảnh mấy đứa mình đi ăn đi."
ham,"Anh ơi, khách hàng vừa gọi điện xác nhận lại thời gian họp sáng mai lúc 9h nhé."
ham,"Hôm nay trời đẹp quá, cậu có muốn đi dạo hồ Tây hay đi cafe không?"
ham,"Con đã ăn cơm chưa? Nhớ giữ gìn sức khỏe nhé, ngoài Hà Nội bắt đầu lạnh rồi đấy."
ham,"Em nhận được tiền chị chuyển rồi ạ, em cảm ơn chị nhiều nhé!"
ham,"Cậu có biết chỗ nào sửa laptop uy tín không? Máy tớ tự dưng không lên nguồn."
ham,"Báo cáo quý này sếp duyệt rồi, anh em mình chuẩn bị tinh thần nhận thưởng thôi!"
ham,"Bạn ơi, cho tớ mượn quyển vở ghi môn Toán hôm thứ 4 được không? Tớ nghỉ nên chưa chép bài."
ham,"Dạ em cảm ơn chị đã phản hồi, em sẽ chỉnh sửa lại file và gửi chị sớm nhất ạ."
ham,"Mọi người ơi, chiều nay 4h họp phòng mình ở phòng họp nhỏ nhé, có việc gấp cần bàn."
ham,"Ê tối nay có trận chung kết C1 đó, qua nhà tớ xem đi, tớ mua sẵn bia với mồi rồi."
ham,"Chúc ngủ ngon nhé! Mai mấy giờ cậu qua đón tớ đi học thế?"
ham,"Anh ơi, xe em bị thủng lốp rồi, anh qua đón em ở đoạn đường Xuân Thủy được không?"
ham,"Dạ bác ơi, cháu vừa gửi thuốc về cho bác rồi ạ, chắc tầm mai hoặc kia là bác nhận được thôi."
ham,"Cậu đã làm xong bài tập môn Machine Learning chưa? Có chỗ này tớ chưa hiểu lắm, chỉ tớ với."
ham,"Chúc mừng bạn đã bảo vệ thành công đồ án tốt nghiệp nhé, chúc mừng tân kỹ sư!"
ham,"Em chào thầy ạ, em xin phép thầy cho em nghỉ học buổi chiều nay vì em bị sốt ạ."
ham,"Mẹ gửi đồ quê lên cho con rồi đó, tí nữa Shipper gọi thì con ra nhận nhé."
ham,"Anh ơi, chiều nay anh có bận gì không? Đi xem phim với em đi, phim mới ra hay lắm."
ham,"Cảm ơn bạn đã hỗ trợ mình trong dự án vừa qua, có dịp mình mời cafe nhé."
ham,"Mày đang ở đâu đấy? Tao qua lấy cái áo khoác hôm nọ tao để quên ở phòng mày."
ham,"Dạ anh, file thiết kế logo em đã gửi trong nhóm Zalo rồi, anh xem qua có cần sửa gì không ạ."
ham,"Chúc bạn một ngày làm việc hiệu quả và gặp nhiều may mắn nhé!"
ham,"Hôm nay tớ phải tăng ca nên về muộn, cậu ăn cơm trước đi nhé, đừng đợi tớ."
ham,"Cậu thấy bộ váy này tớ mặc đi tiệc cưới có ổn không, hay là mặc bộ màu xanh nhỉ?"
ham,"Dạ chị, chiều nay em qua lấy tài liệu chị nhé, tầm 3h em có mặt ở văn phòng chị ạ."
ham,"Mọi người ơi, ai cầm cái sạc iPhone của tớ ở phòng làm việc thì cho tớ xin lại với."
ham,"Chúc mừng hai bạn trăm năm hạnh phúc nha! Tiếc quá hôm nay mình không về dự đám cưới được."
ham,"Anh ơi, kiểm tra giúp em xem sao hôm nay mạng ở văn phòng chậm thế ạ."
ham,"Dạ cô, bài tập cô giao em đã hoàn thành và nộp trên hệ thống rồi ạ."
ham,"Cậu ơi, mai đi hội thảo với tớ không? Có nhiều diễn giả nổi tiếng lắm."
ham,"Mẹ mới làm món thịt kho tàu ngon lắm, chiều nay con nhớ về ăn cơm nhé."
ham,"Em chào anh, em gửi anh file báo cáo thuế tháng 5, anh xem và ký giúp em ạ."
ham,"Chúc bạn thi tốt nhé! Tự tin lên, chắc chắn cậu sẽ làm được bài mà."
ham,"Anh ơi, cho em xin nghỉ phép ngày mai được không ạ? Nhà em có việc bận đột xuất."
ham,"Cậu có định đăng ký khóa học tiếng Anh ở trung tâm đó không? Cho tớ đi học cùng với."
ham,"Dạ chị, em đã nhận được yêu cầu của chị, em sẽ phản hồi lại sớm nhất có thể ạ."
ham,"Mọi người nhớ mang đầy đủ giấy tờ tùy thân để mai mình đi làm thủ tục nhé."
ham,"Ê tớ vừa thấy cái này hay lắm, gửi cho cậu xem nè, đảm bảo cậu sẽ thích."
ham,"Chúc mừng cậu đã nhận được học bổng nhé! Thật đáng ngưỡng mộ quá đi."
ham,"Dạ bác, cháu đã nhận được quà bác gửi rồi ạ, cháu cảm ơn bác nhiều."
ham,"Anh ơi, sáng mai mình gặp nhau ở quán cà phê cũ lúc 8h để bàn công việc nhé."
ham,"Cậu đã xem tập phim mới nhất chưa? Cái kết bất ngờ quá, tớ không tin nổi luôn."
ham,"Em chào chị, em gửi chị danh sách đồ cần mua cho buổi liên hoan chiều nay ạ."
ham,"Chúc bạn cuối tuần vui vẻ bên gia đình và người thân nhé!"
ham,"Anh ơi, cái máy in ở phòng em lại bị kẹt giấy rồi, anh qua xem giúp em với."
ham,"Dạ em đã gửi mail xác nhận tham gia buổi phỏng vấn vào sáng thứ 5 rồi ạ."
ham,"Mọi người ơi, ai có số điện thoại của bác bảo vệ cho mình xin với."
ham,"Ê tối nay rảnh không? Sang nhà tớ làm vài ván game giải sầu đi."
ham,"Chúc mừng sinh nhật bác ạ! Cháu chúc bác luôn mạnh khỏe và yêu đời."
ham,"Anh ơi, file ảnh này nặng quá em không gửi qua Zalo được, em gửi qua Drive nhé."
ham,"Dạ em chào chị, em là học viên lớp tiếng Nhật chiều thứ 2, em xin phép nghỉ buổi nay ạ."
ham,"Cậu ơi, mai mấy giờ mình xuất phát đi Hải Phòng thế? Để tớ chuẩn bị đồ."
ham,"Mẹ mới mua cho con hai cái áo mới đẹp lắm, cuối tuần về mặc thử nhé."
ham,"Anh ơi, em đã hoàn thành xong phần code của mình và đã push lên github rồi ạ."
ham,"Chúc bạn một buổi tối ấm áp bên người thương nhé!"
ham,"Dạ chị, em đã gửi thông tin chuyển khoản vào hộp thư của chị rồi ạ."
ham,"Mọi người ơi, chiều nay có ai đi uống trà sữa không? Tớ bao nhé!"
ham,"Ê cái ví của tớ để trên bàn học, cậu thấy thì cầm hộ tớ tí nữa tớ qua lấy."
ham,"Chúc mừng bạn đã trúng tuyển vào vị trí chuyên viên marketing nhé!"
ham,"Anh ơi, khách hàng hỏi file hợp đồng sao lâu thế vẫn chưa gửi cho họ ạ."
ham,"Dạ em chào anh, em gửi anh bản thảo kế hoạch truyền thông cho tháng tới ạ."
ham,"Cậu ơi, tối nay đi xem đá bóng ở quảng trường không? Đang có giải lớn đấy."
ham,"Mẹ bảo cuối tuần này con về mẹ nấu món gà hầm cho mà ăn nhé."
ham,"Anh ơi, kiểm tra lại giúp em cái file excel này, hình như công thức bị sai."
ham,"Chúc bạn có một chuyến du lịch thật vui vẻ và có nhiều trải nghiệm thú vị."
ham,"Dạ em đã nhận được thông tin ạ, em sẽ xử lý và báo lại anh sớm."
ham,"Mọi người ơi, nhớ check lại hành lý trước khi ra khỏi khách sạn nhé."
ham,"Ê tao vừa mua được đôi giày này đẹp không? Sale 50% luôn đấy."
ham,"Chúc mừng năm mới! Chúc gia đình bạn luôn bình an, hạnh phúc và thịnh vượng."
ham,"Anh ơi, chiều nay anh có đi họp thay em được không? Em bận đi gặp khách hàng."
ham,"Dạ chị, em gửi chị bản báo giá mới nhất đã bao gồm chiết khấu ạ."
ham,"Cậu có biết quán ăn nào ngon mà rẻ quanh đây không? Giới thiệu tớ với."
ham,"Mẹ vừa gửi tiền đóng tiền học cho con rồi đấy, con kiểm tra tài khoản nhé."
ham,"Anh ơi, em gửi lại anh file báo cáo đã chỉnh sửa theo yêu cầu của anh ạ."
ham,"Chúc bạn một ngày mới tràn đầy năng lượng và làm việc hiệu quả!"
ham,"Dạ em chào chị, em gửi chị thông tin các ứng viên tham gia phỏng vấn ngày mai ạ."
ham,"Mọi người ơi, tối nay mình đi ăn lẩu nướng hay ăn phở cuốn nhỉ?"
ham,"Ê tớ vừa mới tìm thấy cái quán cafe này view đẹp cực, mai đi không?"
ham,"Chúc mừng bạn đã hoàn thành xuất sắc nhiệm vụ được giao nhé!"
ham,"Anh ơi, xe em bị hết xăng giữa đường rồi, anh có gần đây không cứu em với."
ham,"Dạ em đã nhận được yêu cầu hỗ trợ của anh, kỹ thuật viên sẽ qua trong ít phút ạ."
ham,"Cậu ơi, cho tớ mượn cái sạc dự phòng với, máy tớ sắp hết pin rồi."
ham,"Mẹ bảo con đi làm nhớ giữ gìn sức khỏe, đừng thức khuya quá nhé."
ham,"Anh ơi, file tài liệu này bị lỗi font rồi, anh gửi lại định dạng PDF giúp em."
ham,"Chúc bạn luôn tự tin và tỏa sáng trong mọi hoàn cảnh nhé!"
ham,"Dạ chị, em gửi chị danh sách các câu hỏi thường gặp của khách hàng ạ."
ham,"Mọi người ơi, nhớ mang theo áo mưa nhé, dự báo thời tiết nói chiều nay có mưa to."
ham,"Ê tao mới đổi số điện thoại mới nè, lưu lại khi nào cần thì gọi nhé."
ham,"Chúc mừng sinh nhật bé yêu! Chúc con luôn ngoan ngoãn và nghe lời bố mẹ."
ham,"Anh ơi, chiều nay mấy giờ mình đi gặp đối tác ở văn phòng họ thế ạ?"
ham,"Dạ em chào chị, em gửi chị bản tóm tắt nội dung cuộc họp sáng nay ạ."
ham,"Cậu có muốn đi thư viện học nhóm với tớ chiều nay không?"
ham,"Mẹ gửi cho con ít hoa quả sạch ở quê lên đấy, con nhớ chia cho bạn cùng phòng nữa nhé."
ham,"Hôm nay bạn có rảnh không? Đi uống cà phê nhé."
ham,"Nhớ mua đồ ăn tối nhé, tôi sẽ về muộn một chút."
ham,"Cuối tuần này nhóm mình đi dã ngoại ở đâu vậy?"
ham,"Bạn đã làm xong bài tập về nhà chưa? Cho tôi mượn xem với."
ham,"Alo, bạn đang ở đâu đấy? Tôi đến đón bạn nhé."
ham,"Sếp bảo chiều nay họp lúc 3h nhé."
ham,"Mai sinh nhật Lan, mọi người định tặng quà gì?"
ham,"Cảm ơn bạn đã giúp đỡ tôi trong dự án vừa qua."
ham,"Chúc ngủ ngon! Hẹn gặp lại vào ngày mai."
ham,"Chuyến bay của tôi cất cánh lúc 8h sáng, nhớ ra sân bay sớm nhé."
ham,"Tối qua tôi vừa xem một bộ phim rất hay."
ham,"Bạn đã gửi báo cáo tháng này cho quản lý chưa?"
ham,"Nay thời tiết đẹp ghê, ra ngoài chơi thôi."
ham,"Chiều nay ăn gì, phở hay bún?"
ham,"Mẹ gửi tiền lên cho con rồi nhé, ra ATM rút đi."
ham,"Cuối tháng này anh cưới, nhớ về dự nhé."
ham,"Mày đang làm gì đấy, có rảnh làm vài ván game không?"
ham,"Giáo viên bảo mai nghỉ học do trường cúp điện."
ham,"Em nhớ mang theo ô nhé, dự báo thời tiết nói chiều nay có mưa."
ham,"Gửi anh file báo cáo tài chính quý 3, anh kiểm tra lại giúp em nhé."
ham,"Chủ nhật tuần sau lớp mình tổ chức họp lớp ở nhà hàng cũ nhé."
ham,"Xe tôi hỏng rồi, cậu có tiện đường qua đón tôi đi làm không?"
ham,"Đã nhận được tiền tôi chuyển chưa? Kiểm tra tài khoản xem."
ham,"Mấy giờ trưa nay bọn mình gặp nhau ở quán cũ?"
ham,"Dạo này công việc thế nào, có bận lắm không?"